{
	"parent": "block/block_ao",
	"textures": {
		"all": "block/snow_layer",
		"particle": "block/snow",
		"texture": "block/snow"
	},
	"elements": [
		{
			"from": [0, 0, 0],
			"to": [16, 4, 16],
			"faces": {
				"north": {"uv": [0, 12, 16, 16], "texture": "#texture", "cullface": "north"},
				"east": {"uv": [0, 12, 16, 16], "texture": "#texture", "cullface": "east"},
				"south": {"uv": [0, 12, 16, 16], "texture": "#texture", "cullface": "south"},
				"west": {"uv": [0, 12, 16, 16], "texture": "#texture", "cullface": "west"},
				"up": {"uv": [0, 0, 16, 16], "texture": "#texture"},
				"down": {"uv": [0, 0, 16, 16], "texture": "#texture", "cullface": "down"}
			}
		},
		{
			"from": [0, -16, 0],
			"to": [16, 0, 16],
			"rotation": {"angle": 0, "axis": "y", "origin": [23, 8, 8]},
			"faces": {
				"north": {"uv": [0, 0, 16, 16], "texture": "#all", "cullface": "north"},
				"east": {"uv": [0, 0, 16, 16], "texture": "#all", "cullface": "east"},
				"south": {"uv": [0, 0, 16, 16], "texture": "#all", "cullface": "south"},
				"west": {"uv": [0, 0, 16, 16], "texture": "#all", "cullface": "west"}
			}
		}
	]
}